group_,gen_sp,common,YearEndCDa,status,county_ori,WaterBody,Longitude,Latitude,Min_Temp,Max_Temp
Reptiles-Crocodilians,Alligator mississippiensis,American Alligator,2008,failed,Cook,Bubbly Creek,-87.6598,41.8339,13,33
Reptiles-Crocodilians,Alligator mississippiensis,American Alligator,2010,failed,Cook,Chicago River,-87.692,41.9396,13,33
Reptiles-Crocodilians,Alligator mississippiensis,American Alligator,2005,failed,Lake,East Loon Lake,-88.07320193,42.45349655,13,33
Fishes,Alosa sapidissima,American Shad,1873,failed,Cook,Calumet River,-87.530479,41.73238,10,25
Plants,Butomus umbellatus,Flowering Rush,1957,NA,Cook,NA,-87.85,41.8333,,
Fishes,Carassius carassius,Crucian Carp,1910,failed,Cook,NA,-87.654419,41.853196,2,22
Mollusks,Cipangopaludina chinensis malleata,Chinese Mystery Snail,1995,NA,Cook,Horsetail Lake,-87.8698,41.6698,10,30
Mollusks,Cipangopaludina chinensis malleata,Chinese Mystery Snail,1995,NA,Cook,Horsetail Lake,-87.8698,41.6698,10,30
Mollusks,Cipangopaludina chinensis malleata,Chinese Mystery Snail,1994,NA,Cook,Des Plaines River,-88.01729,41.68001,10,30
Mollusks,Cipangopaludina chinensis malleata,Chinese Mystery Snail,1978,NA,Cook,Saganashkee Slough,-87.8761,41.6896,10,30
Mollusks,Cipangopaludina chinensis malleata,Chinese Mystery Snail,1978,NA,Cook,Saganashkee Slough,-87.884,41.692,10,30
Mollusks,Cipangopaludina chinensis malleata,Chinese Mystery Snail,1997,NA,Cook,Stony Creek,-87.75965,41.70228,10,30
Mollusks,Cipangopaludina chinensis malleata,Chinese Mystery Snail,1938,NA,Cook,Jackson Park Lagoon,-87.582,41.785,10,30
Mollusks,Cipangopaludina chinensis malleata,Chinese Mystery Snail,1938,NA,Cook,Jackson Park Lagoon,-87.582,41.785,10,30
Mollusks,Cipangopaludina chinensis malleata,Chinese Mystery Snail,1939,NA,Cook,Jackson Park Lagoon,-87.582,41.785,10,30
Mollusks,Cipangopaludina chinensis malleata,Chinese Mystery Snail,1939,NA,Cook,Jackson Park Lagoon,-87.582,41.785,10,30
Mollusks,Cipangopaludina chinensis malleata,Chinese Mystery Snail,1942,NA,Cook,Jackson Park Lagoon,-87.582,41.785,10,30
Mollusks,Cipangopaludina chinensis malleata,Chinese Mystery Snail,1942,NA,Cook,Jackson Park Lagoon,-87.582,41.785,10,30
Mollusks,Cipangopaludina chinensis malleata,Chinese Mystery Snail,1943,NA,Cook,Jackson Park Lagoon,-87.582,41.785,10,30
Mollusks,Cipangopaludina chinensis malleata,Chinese Mystery Snail,1946,NA,Cook,Jackson Park Lagoon,-87.582,41.785,10,30
Mollusks,Cipangopaludina chinensis malleata,Chinese Mystery Snail,1946,NA,Cook,Jackson Park Lagoon,-87.582,41.785,10,30
Mollusks,Cipangopaludina chinensis malleata,Chinese Mystery Snail,1950,NA,Cook,Jackson Park Lagoon,-87.582,41.785,10,30
Mollusks,Cipangopaludina chinensis malleata,Chinese Mystery Snail,1950,NA,Cook,Jackson Park Lagoon,-87.582,41.785,10,30
Mollusks,Cipangopaludina chinensis malleata,Chinese Mystery Snail,1960,NA,Cook,Jackson Park Lagoon,-87.582,41.785,10,30
Mollusks,Cipangopaludina chinensis malleata,Chinese Mystery Snail,1960,NA,Cook,Jackson Park Lagoon,-87.582,41.785,10,30
Mollusks,Cipangopaludina chinensis malleata,Chinese Mystery Snail,1979,NA,Cook,Jackson Park Lagoon,-87.582,41.785,10,30
Mollusks,Cipangopaludina chinensis malleata,Chinese Mystery Snail,1995,NA,Cook,Horsetail Lake,-87.582,41.785,10,30
Mollusks,Cipangopaludina chinensis malleata,Chinese Mystery Snail,1995,NA,Cook,Horsetail Lake,-87.582,41.785,10,30
Mollusks,Cipangopaludina chinensis malleata,Chinese Mystery Snail,2000,collected,Cook,Hyde Park Pond,-87.593938,41.794201,10,30
Mollusks,Cipangopaludina chinensis malleata,Chinese Mystery Snail,2008,NA,DuPage,West Branch DuPage River,-88.1872,41.7952,10,30
Mollusks,Cipangopaludina chinensis malleata,Chinese Mystery Snail,2000,NA,Cook,Hyde Park Pond,-87.58251,41.80276,10,30
Mollusks,Cipangopaludina chinensis malleata,Chinese Mystery Snail,1999,NA,Cook,Des Plaines River,-87.82143,41.82121,10,30
Mollusks,Cipangopaludina chinensis malleata,Chinese Mystery Snail,2009,NA,DuPage,East Branch DuPage River,-88.03656,41.88351,10,30
Mollusks,Cipangopaludina chinensis malleata,Chinese Mystery Snail,2009,NA,DuPage,East Branch DuPage River,-88.0387,41.8854,10,30
Mollusks,Cipangopaludina chinensis malleata,Chinese Mystery Snail,2009,NA,DuPage,East Branch DuPage River,-88.0387,41.8854,10,30
Mollusks,Cipangopaludina chinensis malleata,Chinese Mystery Snail,1999,NA,Cook,Des Plaines River,-87.82981,41.8926,10,30
Mollusks,Cipangopaludina chinensis malleata,Chinese Mystery Snail,1999,NA,DuPage,NA,-88.01164,41.91744,10,30
Mollusks,Cipangopaludina chinensis malleata,Chinese Mystery Snail,2006,NA,Cook,Des Plaines River,-87.8544,41.9542,10,30
Mollusks,Cipangopaludina chinensis malleata,Chinese Mystery Snail,2009,NA,DuPage,Salt Creek,-87.99075,41.98364,10,30
Mollusks,Cipangopaludina chinensis malleata,Chinese Mystery Snail,2002,NA,Cook,Kollar Park Pond,-88.1694,42.0097,10,30
Mollusks,Cipangopaludina chinensis malleata,Chinese Mystery Snail,2011,NA,Cook,Busse Lake,-88.01053,42.02628,10,30
Mollusks,Cipangopaludina chinensis malleata,Chinese Mystery Snail,2011,NA,Cook,Poplar Creek,-88.2304,42.0331,10,30
Mollusks,Cipangopaludina chinensis malleata,Chinese Mystery Snail,2011,NA,Cook,Poplar Creek,-88.21442,42.04486,10,30
Mollusks,Cipangopaludina chinensis malleata,Chinese Mystery Snail,2008,NA,Cook,Poplar Creek,-88.21442,42.04499,10,30
Mollusks,Cipangopaludina chinensis malleata,Chinese Mystery Snail,1999,NA,Cook,Poplar Creek,-88.20319,42.04849,10,30
Mollusks,Cipangopaludina chinensis malleata,Chinese Mystery Snail,1998,NA,Cook,Beck Lake,-87.87352,42.07171,10,30
Mollusks,Cipangopaludina chinensis malleata,Chinese Mystery Snail,2007,NA,Cook,Bulrush Pond,-88.1606,42.12,10,30
Mollusks,Cipangopaludina chinensis malleata,Chinese Mystery Snail,2011,NA,Lake,Middle Fork North Branch Chicago River,-87.8376,42.17869,10,30
Mollusks,Cipangopaludina chinensis malleata,Chinese Mystery Snail,2001,NA,Lake,Squaw Creek,-88.12657,42.36722,10,30
Mollusks,Cipangopaludina chinensis malleata,Chinese Mystery Snail,2001,collected,Lake,Squaw Creek,-88.137305,42.375021,10,30
Mollusks,Cipangopaludina chinensis malleata,Chinese Mystery Snail,1992,NA,Lake,Dead River,-87.80696,42.40972,10,30
Mollusks,Cipangopaludina chinensis malleata,Chinese Mystery Snail,2005,NA,Lake,Cedar Lake,-88.0813,42.4196,10,30
Mollusks,Cipangopaludina chinensis malleata,Chinese Mystery Snail,1999,NA,Lake,Cedar Lake,-88.08304,42.42468,10,30
Mollusks,Cipangopaludina chinensis malleata,Chinese Mystery Snail,1999,NA,Lake,Turner Lake,-88.18864,42.44814,10,30
Mollusks,Cipangopaludina chinensis malleata,Chinese Mystery Snail,1988,NA,Lake,Fox River,-88.17794,42.47112,10,30
Mollusks,Cipangopaludina chinensis malleata,Chinese Mystery Snail,1999,NA,Lake,Fox River,-88.17865,42.4789,10,30
Fishes,Colossoma or Piaractus sp.,Unidentified Pacu,2004,failed,DuPage,Lake Becera,-88.093196,41.893141,,
Coelenterates,Craspedacusta sowerbyi,freshwater jellyfish,1999,collected,Cook,NA,-87.65722,41.79611,,
Fishes,Ctenopharyngodon idella,Grass Carp,2011,unknown,Cook,Flatfoot Lake,-87.5843,41.6499,0,40
Fishes,Ctenopharyngodon idella,Grass Carp,2011,unknown,Cook,Flatfoot Lake,-87.5843,41.6499,0,40
Fishes,Ctenopharyngodon idella,Grass Carp,2012,NA,Cook,Lake Calumet,-87.77821,41.67411,0,40
Fishes,Ctenopharyngodon idella,Grass Carp,2012,NA,Cook,Lake Calumet,-87.7935,41.67719,0,40
Fishes,Ctenopharyngodon idella,Grass Carp,2012,NA,Cook,Lake Calumet,-87.582509,41.687164,0,40
Fishes,Ctenopharyngodon idella,Grass Carp,2012,NA,Cook,Lake Calumet,-87.582509,41.687164,0,40
Fishes,Ctenopharyngodon idella,Grass Carp,2012,NA,Cook,Lake Calumet,-87.5882,41.68747,0,40
Fishes,Ctenopharyngodon idella,Grass Carp,2012,NA,Cook,Lake Calumet,-87.587539,41.687607,0,40
Fishes,Ctenopharyngodon idella,Grass Carp,2011,failed,Cook,Columbus Park Lagoon,-87.766557,41.875888,0,40
Fishes,Ctenopharyngodon idella,Grass Carp,2011,NA,Cook,Lake Calumet,-87.5914972,41.6778361,0,40
Fishes,Ctenopharyngodon idella,Grass Carp,2012,NA,Cook,Lake Calumet,-87.5914972,41.6778361,0,40
Plants,Egeria densa,Brazilian Waterweed,2008,NA,Lake,NA,-87.9845,42.2971,,
Plants,Eichhornia crassipes,Common Water Hyacinth,2003,failed,Lake,Flint Lake,-88.16915,42.20319,,
Plants,Eichhornia crassipes,Common Water Hyacinth,2000,failed,Lake,Grandwood Park Lake,-87.9916,42.39072,,
Plants,Eichhornia crassipes,Common Water Hyacinth,2012,NA,Lake,Spring Lake,-88.12405,42.44752,,
Fishes,Gasterosteus aculeatus,Threespine Stickleback,1999,NA,Cook,Calumet River,-87.57245,41.65893,4,24
Fishes,Gasterosteus aculeatus,Threespine Stickleback,1991,NA,Cook,Chicago Sanitary and Ship Canal,-87.67542,41.84171,4,20
Fishes,Gasterosteus aculeatus,Threespine Stickleback,1993,NA,Cook,Chicago River,-87.6368003,41.87571347,4,20
Fishes,Gasterosteus aculeatus,Threespine Stickleback,1996,NA,Cook,North Branch Chicago River,-87.64112,41.89134,4,20
Fishes,Gasterosteus aculeatus,Threespine Stickleback,1992,NA,Cook,North Shore Channel,-87.70959,41.99184,4,20
Fishes,Gasterosteus aculeatus,Threespine Stickleback,1996,NA,Cook,North Shore Channel,-87.70959,41.99184,4,20
Fishes,Gasterosteus aculeatus,Threespine Stickleback,1996,NA,Cook,North Shore Channel,-87.71042,42.01187,4,20
Fishes,Gasterosteus aculeatus,Threespine Stickleback,1992,NA,Cook,North Shore Channel,-87.70974,42.04092,4,20
Fishes,Gasterosteus aculeatus,Threespine Stickleback,1991,NA,Cook,North Shore Channel,-87.68512,42.07541,4,20
Fishes,Gasterosteus aculeatus,Threespine Stickleback,1992,NA,Cook,North Shore Channel,-87.68512,42.07541,4,20
Fishes,Gasterosteus aculeatus,Threespine Stickleback,1993,NA,Cook,North Shore Channel,-87.68512,42.07541,4,20
Fishes,Gasterosteus aculeatus,Threespine Stickleback,1998,NA,Cook,North Shore Channel,-87.68512,42.07541,4,20
Fishes,Gasterosteus aculeatus,Threespine Stickleback,1997,NA,Lake,Waukegan River,-87.83732,42.35956,4,20
Fishes,Gasterosteus aculeatus,Threespine Stickleback,1997,NA,Lake,Waukegan River,-87.83732,42.35956,4,20
Fishes,Gasterosteus aculeatus,Threespine Stickleback,1997,NA,Lake,Waukegan River,-87.83732,42.35956,4,20
Plants,Glyceria maxima,Reed Mannagrass,2006,unknown,Lake,NA,-87.8136,42.4285,,
Fishes,Hypophthalmichthys nobilis,Bighead Carp,2011,unknown,Cook,Flatfoot Lake,-87.5843,41.6499,4,46
Fishes,Hypophthalmichthys nobilis,Bighead Carp,2011,unknown,Cook,Flatfoot Lake,-87.5843,41.6499,4,46
Fishes,Hypophthalmichthys nobilis,Bighead Carp,2011,unknown,Cook,Flatfoot Lake,-87.5843,41.6499,4,46
Fishes,Hypophthalmichthys nobilis,Bighead Carp,2010,unknown,Cook,Lake Calumet,-87.5949,41.6862,4,46
Fishes,Hypophthalmichthys nobilis,Bighead Carp,2003,unknown,Cook,Mckinley Park Lake,-87.678409,41.824581,4,46
Fishes,Hypophthalmichthys nobilis,Bighead Carp,2011,extirpated,Cook,Columbus Park Lagoon,-87.766557,41.875888,4,46
Fishes,Hypophthalmichthys nobilis,Bighead Carp,2010,extirpated,Cook,Garfield Park Lagoon,-87.717612,41.88287,4,46
Fishes,Hypophthalmichthys nobilis,Bighead Carp,2012,unknown,Cook,Garfield Park Lagoon,-87.71827,41.88322,4,46
Fishes,Hypophthalmichthys nobilis,Bighead Carp,2008,eradicated,Cook,Lincoln Park South Lagoon,-87.63236,41.91697,4,46
Fishes,Hypophthalmichthys nobilis,Bighead Carp,2011,unknown,Cook,Schiller Park Pond,-87.83984,41.95746,4,46
Plants,Iris pseudacorus,Paleyellow Iris,2000,NA,DuPage,NA,-88.0789,41.8158,,
Plants,Iris pseudacorus,Paleyellow Iris,2000,NA,DuPage,NA,-88.0791,41.816,,
Plants,Iris pseudacorus,Paleyellow Iris,2008,collected,Cook,NA,-87.767817,41.837649,,
Plants,Iris pseudacorus,Paleyellow Iris,2008,collected,DuPage,NA,-88.063587,41.856029,,
Plants,Iris pseudacorus,Paleyellow Iris,2008,collected,Lake,NA,-87.983801,42.313322,,
Plants,Juncus compressus,Roundfruit Rush,2006,NA,Cook,NA,-87.96719,42.03096,,
Plants,Juncus compressus,Roundfruit Rush,2006,NA,Cook,NA,-88.10087,42.06624,,
Plants,Juncus compressus,Roundfruit Rush,2006,NA,Cook,NA,-88.15063,42.06638,,
Plants,Juncus compressus,Roundfruit Rush,2005,NA,Cook,NA,-87.88744,42.12834,,
Plants,Juncus compressus,Roundfruit Rush,2005,NA,Lake,NA,-87.9494,42.42856,,
Plants,Juncus compressus,Roundfruit Rush,2005,NA,Lake,NA,-87.96223,42.47167,,
Plants,Juncus compressus,Roundfruit Rush,2005,NA,Lake,NA,-87.94768,42.48452,,
Plants,Juncus compressus,Roundfruit Rush,1986,NA,Lake,Long Lake,-88.127227,42.3771278,,
Plants,Lythrum salicaria,Purple Loosestrife,2000,NA,DuPage,Crowley Pond,-88.0608,41.8144,8,18
Plants,Lythrum salicaria,Purple Loosestrife,2006,NA,DuPage,Crowley Pond,-88.0592,41.816,8,18
Plants,Lythrum salicaria,Purple Loosestrife,1926,NA,Cook,NA,-87.85,41.8333,8,18
Plants,Lythrum salicaria,Purple Loosestrife,1990,NA,Cook,NA,-87.85,41.8333,8,18
Plants,Lythrum salicaria,Purple Loosestrife,1990,NA,DuPage,NA,-88.0833,41.8333,8,18
Plants,Lythrum salicaria,Purple Loosestrife,1993,NA,DuPage,NA,-88.0833,41.8333,8,18
Plants,Lythrum salicaria,Purple Loosestrife,1998,NA,DuPage,NA,-88.0833,41.8333,8,18
Plants,Lythrum salicaria,Purple Loosestrife,2011,Collected,Cook,Chicago Sanitary and Ship Canal,-87.686435,41.836962,8,18
Plants,Lythrum salicaria,Purple Loosestrife,2008,collected,DuPage,NA,-88.063587,41.856029,8,18
Plants,Lythrum salicaria,Purple Loosestrife,1984,NA,Cook,NA,-88.2529303,42.00838617,8,18
Plants,Lythrum salicaria,Purple Loosestrife,2010,NA,Cook,NA,-88.17643,42.018183,8,18
Plants,Lythrum salicaria,Purple Loosestrife,2010,Collected,Lake,Fox River,-88.186821,42.238606,8,18
Plants,Lythrum salicaria,Purple Loosestrife,1977,NA,Lake,NA,-87.85672632,42.26157532,8,18
Plants,Lythrum salicaria,Purple Loosestrife,1977,NA,Lake,NA,-87.85672632,42.26157532,8,18
Plants,Lythrum salicaria,Purple Loosestrife,2010,Collected,Lake,Bangs Lake,-88.129332,42.271537,8,18
Plants,Lythrum salicaria,Purple Loosestrife,1981,NA,Lake,NA,-87.89522183,42.30533492,8,18
Plants,Lythrum salicaria,Purple Loosestrife,2008,collected,Lake,NA,-87.983801,42.313322,8,18
Plants,Lythrum salicaria,Purple Loosestrife,2010,Collected,Lake,Long Lake,-88.1256,42.381265,8,18
Plants,Lythrum salicaria,Purple Loosestrife,1977,NA,Lake,Mud Lake,-88.18886329,42.43737898,8,18
Plants,Lythrum salicaria,Purple Loosestrife,1978,NA,Lake,Mud Lake,-88.18886329,42.43737898,8,18
Plants,Lythrum salicaria,Purple Loosestrife,2009,NA,Lake,NA,-88.19199,42.4441,8,18
Plants,Lythrum salicaria,Purple Loosestrife,1975,NA,Lake,NA,-88.14958798,42.45182857,8,18
Plants,Mentha aquatica,Water Mint,2008,collected,Cook,NA,-87.767817,41.837649,,
Plants,Mentha aquatica,Water Mint,2008,collected,DuPage,NA,-88.063587,41.856029,,
Plants,Mentha aquatica,Water Mint,2008,collected,Lake,NA,-87.983801,42.313322,,
Plants,Mentha x gracilis,Gingermint,1941,NA,Cook,NA,-87.85,41.8333,,
Plants,Mentha x gracilis,Gingermint,2008,collected,Lake,NA,-87.983801,42.313322,,
Plants,Mentha x gracilis,Gingermint,1993,NA,DuPage,Herrick Lake,-88.1433083,41.8283083,,
Plants,Mentha x gracilis,Gingermint,2002,NA,Cook,Crabtree Lake,-88.1665583,42.1131889,,
Fishes,Misgurnus anguillicaudatus,Oriental Weatherfish,2011,NA,Cook,North Creek,-87.59577,41.55686,5,25
Fishes,Misgurnus anguillicaudatus,Oriental Weatherfish,2001,NA,Cook,Midlothian Creek,-87.680148,41.643634,5,25
Fishes,Misgurnus anguillicaudatus,Oriental Weatherfish,1994,NA,Cook,Chicago Sanitary and Ship Canal,-87.82089,41.788921,5,25
Fishes,Misgurnus anguillicaudatus,Oriental Weatherfish,1994,NA,Cook,Chicago Sanitary and Ship Canal,-87.676392,41.841112,5,25
Fishes,Misgurnus anguillicaudatus,Oriental Weatherfish,1992,NA,Cook,North Branch Chicago River,-87.70134721,41.96868753,5,25
Fishes,Misgurnus anguillicaudatus,Oriental Weatherfish,1991,NA,Cook,North Shore Channel,-87.70959,41.99184,5,25
Fishes,Misgurnus anguillicaudatus,Oriental Weatherfish,1994,NA,Cook,North Shore Channel,-87.71042,42.01187,5,25
Fishes,Misgurnus anguillicaudatus,Oriental Weatherfish,1990,NA,Cook,North Shore Channel,-87.70974,42.04092,5,25
Fishes,Misgurnus anguillicaudatus,Oriental Weatherfish,1990,NA,Cook,North Shore Channel,-87.70974,42.04092,5,25
Fishes,Misgurnus anguillicaudatus,Oriental Weatherfish,1991,NA,Cook,North Shore Channel,-87.70974,42.04092,5,25
Fishes,Misgurnus anguillicaudatus,Oriental Weatherfish,1991,NA,Cook,North Shore Channel,-87.70974,42.04092,5,25
Fishes,Morone americana,White Perch,2011,NA,Cook,Butterfield Creek,-87.64954,41.53986,2,32.5
Fishes,Morone americana,White Perch,2001,NA,Cook,North Creek,-87.59587319,41.55702024,2,32.5
Fishes,Morone americana,White Perch,2001,NA,Cook,Little Calumet River,-87.641591,41.629359,2,32.5
Fishes,Morone americana,White Perch,1991,NA,Cook,Little Calumet River,-87.57822,41.64108,2,32.5
Fishes,Morone americana,White Perch,1991,NA,Cook,Little Calumet River,-87.57822,41.64108,2,32.5
Fishes,Morone americana,White Perch,1998,NA,Cook,Little Calumet River,-87.57822,41.64108,2,32.5
Fishes,Morone americana,White Perch,2000,NA,Cook,Little Calumet River,-87.57822,41.64108,2,32.5
Fishes,Morone americana,White Perch,2011,NA,Cook,Little Calumet River,-87.5632,41.64168,2,32.5
Fishes,Morone americana,White Perch,1991,NA,Cook,Calumet River,-87.5605313,41.64502308,2,32.5
Fishes,Morone americana,White Perch,1991,NA,Cook,Calumet River,-87.5605313,41.64502308,2,32.5
Fishes,Morone americana,White Perch,1995,NA,Cook,Calumet River,-87.5605313,41.64502308,2,32.5
Fishes,Morone americana,White Perch,1999,NA,Cook,Calumet River,-87.5605313,41.64502308,2,32.5
Fishes,Morone americana,White Perch,1999,NA,Cook,Calumet River,-87.5605313,41.64502308,2,32.5
Fishes,Morone americana,White Perch,2000,NA,Cook,Calumet River,-87.5605313,41.64502308,2,32.5
Fishes,Morone americana,White Perch,1999,NA,Cook,Little Calumet River,-87.59888449,41.64858114,2,32.5
Fishes,Morone americana,White Perch,2000,NA,Cook,Calumet Sag Channel,-87.68732258,41.65261692,2,32.5
Fishes,Morone americana,White Perch,1999,NA,Cook,Calumet Sag Channel,-87.66117134,41.65495456,2,32.5
Fishes,Morone americana,White Perch,1991,NA,Cook,Little Calumet River,-87.6411503,41.65759899,2,32.5
Fishes,Morone americana,White Perch,1991,NA,Cook,Little Calumet River,-87.6411503,41.65759899,2,32.5
Fishes,Morone americana,White Perch,1991,NA,Cook,Calumet River,-87.57245,41.65893,2,32.5
Fishes,Morone americana,White Perch,1998,NA,Cook,Calumet River,-87.57138867,41.66193912,2,32.5
Fishes,Morone americana,White Perch,1999,NA,Cook,Calumet Sag Channel,-87.75259,41.66298,2,32.5
Fishes,Morone americana,White Perch,1999,NA,Cook,Calumet Sag Channel,-87.75258772,41.66298063,2,32.5
Fishes,Morone americana,White Perch,1998,NA,Cook,Little Calumet River,-87.62194469,41.663427,2,32.5
Fishes,Morone americana,White Perch,1999,NA,Cook,Little Calumet River,-87.62194469,41.663427,2,32.5
Fishes,Morone americana,White Perch,1999,NA,Cook,Chicago Sanitary and Ship Canal,-88.02824839,41.67059059,2,32.5
Fishes,Morone americana,White Perch,1991,NA,Cook,Lake Calumet,-87.58786578,41.67554236,2,32.5
Fishes,Morone americana,White Perch,2000,NA,Cook,Lake Calumet,-87.58786578,41.67554236,2,32.5
Fishes,Morone americana,White Perch,2001,NA,Cook,Lake Calumet,-87.58786578,41.67554236,2,32.5
Fishes,Morone americana,White Perch,1999,NA,Cook,Calumet Sag Channel,-87.84078343,41.68426996,2,32.5
Fishes,Morone americana,White Perch,1998,NA,Cook,Chicago Sanitary and Ship Canal,-87.94559025,41.69700395,2,32.5
Fishes,Morone americana,White Perch,2000,NA,Cook,Chicago Sanitary and Ship Canal,-87.94559025,41.69700395,2,32.5
Fishes,Morone americana,White Perch,2000,NA,Cook,Chicago Sanitary and Ship Canal,-87.74334699,41.81963174,2,32.5
Fishes,Morone americana,White Perch,1993,NA,Cook,South Branch Chicago River,-87.63672156,41.85567374,2,32.5
Fishes,Morone americana,White Perch,2006,NA,Cook,Chicago River,-87.63,41.88,2,32.5
Fishes,Morone americana,White Perch,1991,NA,Cook,Chicago River,-87.63755,41.88624,2,32.5
Plants,Myosotis scorpioides,True Forget-Me-Not,1926,NA,Cook,NA,-87.85,41.8333,,
Plants,Myosotis scorpioides,True Forget-Me-Not,1958,NA,Cook,NA,-87.85,41.8333,,
Plants,Myosotis scorpioides,True Forget-Me-Not,1960,NA,Cook,NA,-87.85,41.8333,,
Plants,Myosotis scorpioides,True Forget-Me-Not,2008,collected,Cook,NA,-87.767817,41.837649,,
Plants,Myosotis scorpioides,True Forget-Me-Not,2008,collected,DuPage,NA,-88.063587,41.856029,,
Plants,Myosotis scorpioides,True Forget-Me-Not,2006,NA,Cook,NA,-87.77306,42.14804,,
Plants,Myosotis scorpioides,True Forget-Me-Not,2008,collected,Lake,NA,-87.983801,42.313322,,
Plants,Najas minor,Brittle Waternymph,2012,Collected,Cook,Powderhorn Lake,-87.533498,41.640865,8,?
Plants,Najas minor,Brittle Waternymph,2011,Collected,Will,Whalon Lake,-88.094795,41.743654,8,?
Plants,Najas minor,Brittle Waternymph,2010,collected,Cook,NA,-87.767817,41.837649,8,?
Plants,Najas minor,Brittle Waternymph,2010,collected,DuPage,NA,-88.063587,41.856029,8,?
Plants,Najas minor,Brittle Waternymph,2012,Collected,Lake,Gages Lake,-87.991008,42.346017,8,?
Plants,Najas minor,Brittle Waternymph,2012,Collected,Lake,Gages Lake,-88.000843,42.354941,8,?
Plants,Najas minor,Brittle Waternymph,2010,Collected,Lake,Round Lake,-88.08331,42.368822,8,?
Plants,Najas minor,Brittle Waternymph,2012,Collected,Lake,Round Lake,-88.08331,42.368822,8,?
Plants,Najas minor,Brittle Waternymph,2012,Collected,Lake,Third Lake,-88.014173,42.374573,8,?
Plants,Najas minor,Brittle Waternymph,2011,Collected,Lake,Sterling Lake,-87.945099,42.482977,8,?
Plants,Najas minor,Brittle Waternymph,1998,NA,DuPage,Mallard Lake,-88.12976,41.91537,8,?
Plants,Najas minor,Brittle Waternymph,2001,NA,Cook,Powderhorn Lake,-87.53044,41.6419,8,?
Plants,Nasturtium officinale,Watercress,2008,collected,Cook,NA,-87.767817,41.837649,,
Plants,Nasturtium officinale,Watercress,2008,collected,DuPage,NA,-88.063587,41.856029,,
Plants,Nasturtium officinale,Watercress,1977,NA,Cook,NA,-88.25301051,42.02311059,,
Plants,Nasturtium officinale,Watercress,2008,collected,Lake,NA,-87.983801,42.313322,,
Fishes,Oncorhynchus kisutch,Coho Salmon,1990,NA,Cook,Chicago River,-87.6368003,41.87571347,3,25
Fishes,Oncorhynchus kisutch,Coho Salmon,1990,NA,Cook,Chicago River,-87.63755,41.88624,3,25
Fishes,Oncorhynchus kisutch,Coho Salmon,1992,NA,Cook,North Shore Channel,-87.68512,42.07541,3,25
Fishes,Oncorhynchus kisutch,Coho Salmon,2002,NA,Lake,S. Br. Waukegan River,-87.84,42.34,3,25
Fishes,Oncorhynchus kisutch,Coho Salmon,2000,NA,Lake,Waukegan River,-87.83567,42.35763,3,25
Fishes,Oncorhynchus kisutch,Coho Salmon,1997,NA,Lake,Waukegan River,-87.83732,42.35956,3,25
Fishes,Oncorhynchus kisutch,Coho Salmon,1997,NA,Lake,Waukegan River,-87.83732,42.35956,3,25
Fishes,Oncorhynchus mykiss,Rainbow Trout,1997,NA,Cook,Calumet River,-87.55309526,41.69712485,10,24
Fishes,Oncorhynchus mykiss,Rainbow Trout,1995,NA,Cook,North Shore Channel,-87.71042,42.01187,10,24
Fishes,Oncorhynchus mykiss,Rainbow Trout,1979,NA,Cook,North Shore Channel,-87.68512,42.07541,10,24
Fishes,Oncorhynchus mykiss,Rainbow Trout,1995,NA,Cook,North Shore Channel,-87.68512,42.07541,10,24
Fishes,Oncorhynchus mykiss,Rainbow Trout,2000,NA,Lake,Waukegan River,-87.83567,42.35763,10,24
Fishes,Oncorhynchus mykiss,Rainbow Trout,1998,NA,Lake,Waukegan River,-87.83732,42.35956,10,24
Fishes,Oncorhynchus mykiss,Rainbow Trout,1998,NA,Lake,Waukegan River,-87.83732,42.35956,10,24
Fishes,Oncorhynchus mykiss,Rainbow Trout,2003,NA,Lake,Waukegan River,-87.83732,42.35956,10,24
Fishes,Oncorhynchus tshawytscha,Chinook Salmon,2001,NA,Cook,Lake Calumet,-87.58786578,41.67554236,4,25
Fishes,Oncorhynchus tshawytscha,Chinook Salmon,1997,NA,Cook,Calumet River,-87.55309526,41.69712485,4,25
Fishes,Oncorhynchus tshawytscha,Chinook Salmon,1990,NA,Cook,Chicago River,-87.63755,41.88624,4,25
Fishes,Oncorhynchus tshawytscha,Chinook Salmon,1992,NA,Cook,North Shore Channel,-87.68512,42.07541,4,25
Fishes,Oncorhynchus tshawytscha,Chinook Salmon,1994,NA,Cook,North Shore Channel,-87.68512,42.07541,4,25
Fishes,Oncorhynchus tshawytscha,Chinook Salmon,1999,NA,Lake,trib. Lake Michigan,-87.83592,42.30929,4,25
Fishes,Oncorhynchus tshawytscha,Chinook Salmon,2000,NA,Lake,Waukegan River,-87.83567,42.35763,4,25
Fishes,Oncorhynchus tshawytscha,Chinook Salmon,1997,NA,Lake,Waukegan River,-87.83732,42.35956,4,25
Fishes,Oreochromis niloticus,Nile Tilapia,2004,locally established,Cook,Chicago Sanitary and Ship Canal,-87.7243,41.8258,14,33
Fishes,Oreochromis niloticus,Nile Tilapia,2004,locally established,Cook,Chicago Sanitary and Ship Canal,-87.7243,41.8258,14,33
Fishes,Oreochromis niloticus,Nile Tilapia,2004,locally established,Cook,Chicago Sanitary and Ship Canal,-87.7243,41.8258,14,33
Fishes,Oreochromis niloticus,Nile Tilapia,2004,locally established,Cook,Chicago Sanitary and Ship Canal,-87.7243,41.8258,14,33
Fishes,Oreochromis niloticus,Nile Tilapia,2004,locally established,Cook,Chicago Sanitary and Ship Canal,-87.7243,41.8258,14,33
Fishes,Oreochromis niloticus,Nile Tilapia,2004,locally established,Cook,Chicago Sanitary and Ship Canal,-87.7243,41.8258,14,33
Fishes,Oreochromis niloticus,Nile Tilapia,2005,locally established,Cook,Chicago Sanitary and Ship Canal,-87.7243,41.8258,14,33
Fishes,Oreochromis niloticus,Nile Tilapia,2005,locally established,Cook,Chicago Sanitary and Ship Canal,-87.7243,41.8258,14,33
Fishes,Oreochromis niloticus,Nile Tilapia,2005,locally established,Cook,Chicago Sanitary and Ship Canal,-87.7243,41.8258,14,33
Fishes,Oreochromis niloticus,Nile Tilapia,2005,locally established,Cook,Chicago Sanitary and Ship Canal,-87.7243,41.8258,14,33
Fishes,Oreochromis niloticus,Nile Tilapia,2004,collected,Cook,Bubbly Creek,-87.6598,41.8339,14,33
Fishes,Osmerus mordax,Rainbow Smelt,1982,NA,Cook,Lake Calumet,-87.58786578,41.67554236,0.15,15.6
Fishes,Osmerus mordax,Rainbow Smelt,1987,NA,Cook,Chicago River,-87.63755,41.88624,0.15,15.6
Fishes,Osmerus mordax,Rainbow Smelt,1987,NA,Cook,Chicago River,-87.61836915,41.8901648,0.15,15.6
Fishes,Petromyzon marinus,Sea Lamprey,1957,NA,DuPage,DuPage River,-88.03343313,41.88463241,,
Plants,Phalaris arundinacea,Reed Canarygrass,2007,NA,DuPage,NA,-88.0375,41.8109,,
Plants,Phalaris arundinacea,Reed Canarygrass,2000,NA,DuPage,NA,-88.0378,41.8136,,
Plants,Phalaris arundinacea,Reed Canarygrass,1978,NA,Cook,NA,-88.25301051,42.02311059,,
Plants,Phalaris arundinacea,Reed Canarygrass,1982,NA,Cook,NA,-87.87473371,42.05968183,,
Plants,Phalaris arundinacea,Reed Canarygrass,1982,NA,Cook,NA,-87.87473371,42.05968183,,
Plants,Phalaris arundinacea,Reed Canarygrass,1982,NA,Cook,NA,-87.87473371,42.05968183,,
Plants,Phalaris arundinacea,Reed Canarygrass,1982,NA,Cook,NA,-87.87473371,42.05968183,,
Plants,Phalaris arundinacea,Reed Canarygrass,1980,NA,Cook,NA,-87.89752986,42.13130015,,
Plants,Phalaris arundinacea,Reed Canarygrass,1977,NA,Lake,NA,-87.85672632,42.26157532,,
Plants,Phragmites australis australis,Common Reed ssp. Australis,2008,NA,Cook,NA,-87.7462,41.4849,,
Plants,Phragmites australis australis,Common Reed ssp. Australis,2008,NA,Cook,NA,-87.7423,41.5136,,
Plants,Phragmites australis australis,Common Reed ssp. Australis,2008,NA,Cook,NA,-87.7428,41.5447,,
Fishes,Piaractus brachypomus,"Pirapatinga, Red-Bellied Pacu",2005,failed,Lake,Bangs Lake,-88.13281455,42.26572476,,
Fishes,Poecilia latipinna,Sailfin Molly,1998,NA,Lake,Waukegan River,-87.83732,42.35956,,
Fishes,Poecilia latipinna,Sailfin Molly,1998,NA,Lake,Waukegan River,-87.83732,42.35956,,
Plants,Polygonum hydropiper,Marshpepper Knotweed,2005,NA,Cook,NA,-87.8813,42.11819,,
Plants,Polygonum hydropiper,Marshpepper Knotweed,2006,NA,Cook,NA,-87.78513,42.1522,,
Plants,Polygonum hydropiper,Marshpepper Knotweed,1989,NA,Lake,NA,-88.03382279,42.33494534,,
Plants,Polygonum hydropiper,Marshpepper Knotweed,2005,NA,Lake,Old Mill Creek,-87.94706,42.41782,,
Crustaceans,Procambarus clarkii,Red Swamp Crayfish,2010,collected,DuPage,Pond in Prospect Park,-87.959418,41.800527,,
Fishes,Pterygoplichthys x Pterygoplichthys disjunctivus x pardalis,Vermiculated Sailfin Catfish X Amazon Sailfin Catfish,2004,NA,Cook,North Branch Chicago River,-87.7043,41.9733,4,20
Plants,Puccinellia distans,Weeping Alkaligrass,1994,NA,Cook,NA,-87.6870822,41.62463341,,
Plants,Puccinellia distans,Weeping Alkaligrass,1997,NA,Cook,NA,-87.8460456,41.69613794,,
Plants,Puccinellia distans,Weeping Alkaligrass,2008,collected,Cook,NA,-87.767817,41.837649,,
Plants,Puccinellia distans,Weeping Alkaligrass,2008,collected,DuPage,NA,-88.063587,41.856029,,
Plants,Puccinellia distans,Weeping Alkaligrass,2007,NA,Lake,NA,-87.91116,42.16777,,
Plants,Puccinellia distans,Weeping Alkaligrass,2008,collected,Lake,NA,-87.983801,42.313322,,
Plants,Puccinellia distans,Weeping Alkaligrass,2005,NA,Lake,NA,-87.96292,42.4614,,
Mollusks,Radix auricularia,European Ear Snail,1901,unknown,Cook,NA,-87.635579,41.944362,10,36
Mollusks,Radix auricularia,European Ear Snail,1901,unknown,Cook,NA,-87.641909,41.949501,10,36
Mollusks,Radix auricularia,European Ear Snail,1901,unknown,Cook,NA,-87.641909,41.949501,10,36
Plants,Rorippa sylvestris,Creeping Yellowcress,2008,collected,Cook,NA,-87.767817,41.837649,-2,?
Plants,Rorippa sylvestris,Creeping Yellowcress,2008,collected,DuPage,NA,-88.063587,41.856029,-2,?
Plants,Rorippa sylvestris,Creeping Yellowcress,1888,NA,Cook,NA,-87.6833,42.0333,-2,?
Plants,Rorippa sylvestris,Creeping Yellowcress,1989,NA,Cook,NA,-87.75,42.1333,-2,?
Plants,Rorippa sylvestris,Creeping Yellowcress,2007,NA,Lake,NA,-87.91358,42.16706,-2,?
Fishes,Salmo trutta,Brown Trout,1999,NA,Cook,Calumet River,-87.57245,41.65893,18,24
Fishes,Salmo trutta,Brown Trout,1991,NA,Cook,Chicago River,-87.6368003,41.87571347,18,24
Fishes,Salmo trutta,Brown Trout,1991,NA,Cook,North Shore Channel,-87.68512,42.07541,18,24
Fishes,Salmo trutta,Brown Trout,1999,NA,Lake,trib. Lake Michigan,-87.83592,42.30929,18,24
Fishes,Salmo trutta,Brown Trout,1997,NA,Lake,Waukegan River,-87.83732,42.35956,18,24
Fishes,Scardinius erythrophthalmus,Rudd,1990,collected,Cook,Coon Creek,-87.767817,41.837649,2,22
Fishes,Scardinius erythrophthalmus,Rudd,1988,NA,Lake,Fox River,-88.176441,42.223433,2,22
Fishes,Scardinius erythrophthalmus,Rudd,1988,collected,Lake,NA,-88.132324,42.322001,2,22
Fishes,Scardinius erythrophthalmus,Rudd,1988,NA,Lake,NA,-88.034005,42.343542,2,22
Fishes,Scardinius erythrophthalmus,Rudd,1988,NA,Lake,Avon-fremont Ditch,-88.03336261,42.34427597,2,22
Fishes,Tinca tinca,Tench,1891,failed,Cook,Des Plaines River,-87.880089,42.033787,,
Plants,Typha angustifolia,Narrowleaf Cattail,2007,NA,DuPage,NA,-88.0376,41.8106,-23,24
Plants,Typha angustifolia,Narrowleaf Cattail,2000,NA,DuPage,Etter Marsh,-88.0524,41.8113,-23,24
Plants,Typha angustifolia,Narrowleaf Cattail,1997,NA,DuPage,Hidden Lake,-88.0558,41.8265,-23,24
Plants,Typha angustifolia,Narrowleaf Cattail,1950,NA,Cook,NA,-87.85,41.8333,-23,24
Plants,Typha angustifolia,Narrowleaf Cattail,1993,NA,DuPage,NA,-88.0833,41.8333,-23,24
Plants,Typha angustifolia,Narrowleaf Cattail,1997,NA,DuPage,NA,-88.0833,41.8333,-23,24
Plants,Typha angustifolia,Narrowleaf Cattail,2008,collected,Cook,NA,-87.767817,41.837649,-23,24
Plants,Typha angustifolia,Narrowleaf Cattail,2008,collected,DuPage,NA,-88.063587,41.856029,-23,24
Plants,Typha angustifolia,Narrowleaf Cattail,1956,NA,Cook,NA,-87.7667,42.0333,-23,24
Plants,Typha angustifolia,Narrowleaf Cattail,2006,NA,Cook,NA,-87.99066,42.04304,-23,24
Plants,Typha angustifolia,Narrowleaf Cattail,2008,collected,Lake,NA,-87.983801,42.313322,-23,24
Plants,Typha angustifolia,Narrowleaf Cattail,1978,NA,Lake,Turner Lake,-88.18888522,42.4519736,-23,24
Plants,Typha angustifolia,Narrowleaf Cattail,1932,NA,Lake,Lake Marie,-88.1364777,42.465375,-23,24
Plants,Typha angustifolia,Narrowleaf Cattail,1938,NA,Lake,Fourth Lake,-88.033177,42.3914833,-23,24
Plants,Typha angustifolia,Narrowleaf Cattail,1971,NA,DuPage,Meadow Lake,-88.0523305,41.8284056,-23,24
Plants,Typha angustifolia,Narrowleaf Cattail,NA,NA,Lake,Fourth Lake,-88.033177,42.3914833,-23,24
